ID_FISCAL,FECHA,MONTO_RETENIDO
25302466336,2025-06-02,2281.37
30164808941,2025-06-14,2463.69
30164808941,2025-06-04,5154.71
33819248651,2025-06-27,3061.13
33819248651,2025-06-19,3178.47
33819248651,2025-06-04,1128.72
25882204820,2025-06-02,3474.63
28388163020,2025-06-22,8811.54
28388163020,2025-06-25,5246.59
21682029386,2025-06-19,7524.46
21682029386,2025-06-10,4170.23
21682029386,2025-06-23,4099.10
21423012411,2025-06-19,5019.67
28669780010,2025-06-16,5727.93
28669780010,2025-06-15,4817.77
33858939101,2025-06-03,2034.65
33858939101,2025-06-14,2802.96
33858939101,2025-06-11,2590.62
23946411779,2025-06-14,742.85
25302466336,2025-06-30,-50.00
